TRA,TRB,TRAV,TRAJ,TRBV,TRBJ,T-Cell-Type,Peptide,MHC,Score
CAVSAASGGSYIPTF,CASSFSGNTGELFF,TRAV3,TRAJ6,TRBV12-3,TRBJ2-2,CD8,RAKFKQLL,HLA-B*08,9.73214923760679e-07
,CASSQEEGSGANVLTF,,,TRBV4-3,TRBJ2-6,CD4,LLQTGIHVRVSQPSL,HLA-DRA1*01,0.0003745218273252249
CAVSTSGGSYIPTF,CASSFSLEFTGELFF,TRAV1-2,TRAJ6,TRBV19,TRBJ2-2,CD8,KLGGALQAK,HLA-A*03,0.009443815797567368
,CASSPGTGWAEAFF,,,TRBV6-5,TRBJ1-1,CD8,RLQSLQTYV,HLA-A*02,0.00150154042057693
CAADPGFQKLVF,CASGMSGGAENEQFF,TRAV12-2,TRAJ8,TRBV2,TRBJ2-1,CD8,ELAGIGILTV,HLA-A*02,0.7770179510116577
CAMREGLNSGYALNF,CASSIRSSYEQYF,TRAV14,TRAJ41,TRBV19,TRBJ2-7,CD8,IVTDFSVIK,HLA-A*11,0.0008943177526816726
,CASSFLPKNEQFF,,,TRBV7-2,TRBJ2-1,CD8,EIYKRWII,HLA-B*08,0.002672959119081497
CAGANGGSQGNLIF,CASSVRSAGELFF,TRAV27,TRAJ42,TRBV19,TRBJ2-2,CD8,GILGFVFTL,HLA-A*02,0.9190608859062195
,CASSAVGTGWHEQYF,,,TRBV9,TRBJ2-7,CD8,LPRRSGAAGA,HLA-B*07,0.7393348217010498
,CASSIRSSYEQYF,,,TRBV19,TRBJ2-7,CD8,GILGFVFTL,HLA-A*02,0.905856192111969
